{
  "web": {
    "client_id": "628640404237-t9mro7k2hc6mrue1cfv1r0u69noqtal2.apps.googleusercontent.com",
    "project_id": "drift-email",
    "auth_uri": "https://accounts.google.com/o/oauth2/auth",
    "token_uri": "https://oauth2.googleapis.com/token",
    "auth_provider_x509_cert_url": "https://www.googleapis.com/oauth2/v1/certs",
    "client_secret": "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",
    "redirect_uris": ["http://localhost:3000/settings/inboxConnection"],
    "javascript_origins": ["http://localhost", "http://localhost:3000"]
  }
}
